Customer Name,Boat Type,Boat Length,Home Address,Ramp
Dorothy Benitez,Sailboat MD,46,"1229 Taylor Spur, Gwendolynburgh, MT 16859",Weymouth Harbor
Joseph Martinez,Sailboat MT,43,"PSC 9106, Box 8230, APO AE 62254",Green Harbor
Joshua Hall,Sailboat MT,48,"50037 Howard Extension Suite 910, Loveburgh, MI 17890",Duxbury Harbor
Bryan Ramos,Powerboat,36,"071 Estrada Roads Suite 631, Fisherfort, MI 67849",Cohasset Harbor
Holly Hunter,Powerboat,24,"8711 Jessica Light Apt. 287, Mahoneybury, VA 62075",Plymouth Harbor
Sherri Fleming,Powerboat,32,"5374 Richard Terrace, Wadeland, WY 73491",Plymouth Harbor
Jason Campbell,Sailboat MD,45,"13500 Anthony Roads Apt. 651, South Amy, MT 24596",Hingham Harbor
Gregory Collins,Sailboat MT,50,"20308 Makayla Stravenue Suite 167, North Mitchell, MD 15655",Plymouth Harbor
Kristine Doyle,Sailboat MT,36,"0553 Robert Light, North Michael, HI 14529",Hingham Harbor
Matthew Miller,Sailboat MT,52,"6223 Richardson River, Lake Sara, IA 88439",Cohasset Harbor
Kevin Jones,Powerboat,35,"1365 Brandon Mill Apt. 563, Christensenshire, GA 78039",Hingham Harbor
Jeremy Roberts,Sailboat MT,58,"8831 Shelton Row, Davistown, MN 75773",Scituate Harbor
Jennifer Hamilton,Sailboat MT,49,"00107 Antonio Roads Suite 437, New Brittney, MA 26664",Scituate Harbor
Jennifer Watson,Powerboat,32,"3947 Robert Loop, New Jessemouth, IN 22634",Weymouth Harbor
Tonya Robertson,Sailboat MT,60,"341 Kayla Spring Apt. 761, Huntermouth, CO 70671",Duxbury Harbor
Philip Diaz,Sailboat MD,30,"89275 Daniel Pass, North Jennifer, MD 94612",Green Harbor
Ann Harris,Sailboat MD,35,"6102 Joel Crossing, Lake Christopherstad, NM 21024",Cohasset Harbor
Joshua Watts,Sailboat MD,50,"182 Eric Lake, East Raymondbury, IA 71365",Plymouth Harbor
Christopher Blair,Sailboat MT,60,"163 Smith Mountain Apt. 614, Harrisonmouth, NC 57363",Green Harbor
Misty Johnson,Sailboat MT,38,"04329 Freeman Island, Paulmouth, SC 54835",Cohasset Harbor
Christina Gillespie,Sailboat MD,49,"USS Pham, FPO AP 52960",Weymouth Harbor
Michael Bradley,Powerboat,30,"5490 Heather Creek Suite 912, New Jessica, PA 24742",Green Harbor
Brittany Ortiz,Sailboat MD,38,"76757 Christine Drive Apt. 391, West Steve, VT 63909",Hull (A St)
Omar Bates,Sailboat MT,37,"41753 Darryl Spurs, Port Karen, IN 74353",Scituate Harbor
Charles Wilkinson,Sailboat MT,50,"25099 Watson Via Apt. 166, West Jennifer, CT 85002",Weymouth Harbor
Tim Rodriguez,Powerboat,32,"USCGC Brooks, FPO AE 03986",Plymouth Harbor
Christopher Sanchez,Sailboat MT,55,"USS Best, FPO AA 02329",Hull (A St)
David Robinson,Powerboat,36,"0160 Mitchell Estate Suite 205, Jacksontown, CO 01114",Green Harbor
Deborah Ramsey,Powerboat,25,"0447 Nicole Expressway Suite 403, North Nicholasfort, WA 59984",Hull (A St)
Dominique Young,Sailboat MT,44,"71028 Young Ways, Beckfort, RI 39070",Hingham Harbor
Mrs. Krystal Davis DVM,Sailboat MD,32,"4203 Boone Lane, East Brian, CA 23758",Hingham Harbor
Julie Santos,Sailboat MD,43,"138 Miller Manor, Josephborough, UT 13954",Weymouth Harbor
Gregory Steele,Sailboat MD,36,"7347 Melissa Lake, West Dawnton, CA 50963",Weymouth Harbor
Kelly Young,Powerboat,38,"472 Parker Corners Suite 455, North William, NM 60886",Cohasset Harbor
Amanda Smith,Sailboat MD,41,"38622 Franklin Shores Apt. 422, West Bethanyborough, UT 99658",Plymouth Harbor
Catherine Luna,Sailboat MT,48,"5342 Charles Trace Apt. 266, Port James, MD 14200",Green Harbor
Joseph Williams,Sailboat MT,60,"285 Grant Unions Apt. 083, Laurastad, AR 76233",Hull (A St)
Melissa Lucero,Sailboat MD,46,"USNV Hubbard, FPO AE 94561",Plymouth Harbor
Melissa Page DDS,Sailboat MT,35,"521 Anderson Ridges Apt. 698, Port Joefort, IA 20474",Plymouth Harbor
Debbie Rivera,Sailboat MD,30,"210 Trevino Haven Apt. 465, South Malik, CO 19750",Plymouth Harbor
Christopher Woods,Sailboat MT,50,"669 Smith Villages, East Gregorytown, UT 72337",Duxbury Harbor
Katrina Garcia,Sailboat MD,47,"0317 Sharon Mountain Apt. 792, New Johnbury, KS 21003",Plymouth Harbor
Corey Gonzales,Powerboat,29,"75418 Thomas Ranch Suite 935, Lake David, KS 30642",Green Harbor
Lisa Thornton,Powerboat,32,"70072 Daniel Corners, Stephenfort, AR 71523",Scituate Harbor
Mark Price,Sailboat MD,46,"36774 David Parks, East Kimberly, MN 19507",Hingham Harbor
Denise Hubbard,Sailboat MT,48,"3788 Smith Cape Suite 072, North Jamiemouth, UT 59533",Scituate Harbor
Heather Wilson PhD,Powerboat,36,"47772 Knight Club, Lake Cory, WA 44087",Hull (A St)
Nicole Barrett,Powerboat,36,"7887 Figueroa Stravenue, Nicholasburgh, SD 63568",Hull (A St)
Richard Deleon,Sailboat MT,46,"18487 Ashley Green, Hawkinston, OR 77734",Hull (A St)
William Ford,Powerboat,23,"182 Charles Neck Suite 002, Matthewbury, SD 71444",Weymouth Harbor
